public_transport,sales_per_customer
0.0,0.7143065161994904
10.0,0.7332361516034985
20.0,0.8112724167378309
30.0,0.8812877263581489
40.0,0.7554744525547445
50.0,1.0514705882352942
60.0,0.9940119760479041
70.0,1.146341463414634
80.0,0.7631578947368421
